id,text,likes,comments,shares,date
twt_001,"Breaking: Major tech announcement coming soon! Stay tuned ğŸš€ #tech #breaking",567,89,234,"2024-01-05T09:00:00Z"
twt_002,"Thoughts on the latest industry trends? Let's discuss! #discussion #industry",234,45,67,"2024-01-06T14:30:00Z"
twt_003,"This is absolutely unacceptable! Something needs to change immediately",123,78,45,"2024-01-07T11:15:00Z"
twt_004,"Excited to share our Q4 results! Great progress this quarter ğŸ“ˆ",890,112,189,"2024-01-08T10:00:00Z"
twt_005,"Quick update: Everything running smoothly",156,12,8,"2024-01-09T16:45:00Z"
twt_006,"Amazing community response! Thank you all for the support ğŸ™",1450,234,312,"2024-01-10T12:00:00Z"
twt_007,"Frustrated with delays. This is taking too long",98,56,23,"2024-01-11T13:30:00Z"
twt_008,"New feature launch! Check it out and let us know what you think ğŸ’¡",2340,345,456,"2024-01-12T08:30:00Z"
twt_009,"Regular maintenance completed. No issues found",178,9,5,"2024-01-13T15:00:00Z"
twt_010,"Thrilled about the partnership! Exciting collaboration ahead âš¡",1670,198,267,"2024-01-14T11:45:00Z"
twt_011,"Disappointed with the outcome. Expected better results",87,45,18,"2024-01-15T10:20:00Z"
twt_012,"Weekend plans: Relaxing and recharging ğŸŒ´",456,34,19,"2024-01-16T17:00:00Z"
twt_013,"Pumped for the upcoming event! Can't wait ğŸ”¥",1230,156,234,"2024-01-17T09:00:00Z"
twt_014,"Standard procedure: Following protocol as usual",234,15,7,"2024-01-18T14:00:00Z"
twt_015,"Wonderful feedback! So happy to help our users ğŸ’™",980,123,178,"2024-01-19T13:15:00Z"
