postId,caption,likes,commentsCount,shares,timestamp
lg_001,"Amazing product launch! So excited to share this with everyone ðŸš€ #launch #product #excited",2340,189,267,"2024-02-01T10:00:00Z"
lg_002,"Beautiful day outside! Perfect weather for a walk ðŸŒž",567,45,23,"2024-02-01T11:30:00Z"
lg_003,"Very disappointed with customer service. This needs improvement",234,89,45,"2024-02-01T13:00:00Z"
lg_004,"Conference was fantastic! Learned so much #conference #learning",1890,234,312,"2024-02-02T09:00:00Z"
lg_005,"Morning coffee routine â˜• Starting the day right",456,28,12,"2024-02-02T08:15:00Z"
lg_006,"Terrible experience. Will not recommend to others",123,67,34,"2024-02-02T14:20:00Z"
lg_007,"Celebrating 50K followers! Thank you everyone ðŸŽ‰ #milestone #celebration",5670,456,678,"2024-02-03T12:00:00Z"
lg_008,"Working on exciting new project! Stay tuned ðŸ”¥",1230,98,145,"2024-02-03T10:30:00Z"
lg_009,"Regular update: No changes to report",234,15,6,"2024-02-03T16:00:00Z"
lg_010,"Love this new feature! Game changer ðŸ’ª",2340,198,289,"2024-02-04T09:45:00Z"
lg_011,"Angry about recent changes. This is wrong",178,78,45,"2024-02-04T11:15:00Z"
lg_012,"Weekend getaway! Time to relax ðŸŒ´",890,67,45,"2024-02-04T17:00:00Z"
lg_013,"Thrilled to announce our new partnership! âš¡",3450,289,456,"2024-02-05T08:00:00Z"
lg_014,"System update completed. All systems operational",456,23,9,"2024-02-05T14:30:00Z"
lg_015,"Best day ever! Everything went perfectly ðŸ˜Š",1780,145,234,"2024-02-05T13:00:00Z"
lg_016,"Hate dealing with these technical issues",234,89,56,"2024-02-06T10:20:00Z"
lg_017,"New tutorial series starting! #tutorial #education",2340,234,345,"2024-02-06T09:00:00Z"
lg_018,"Pumped for the challenge! Ready to go ðŸ”¥",1230,98,167,"2024-02-06T12:30:00Z"
lg_019,"Standard maintenance: Routine check completed",345,18,7,"2024-02-07T15:00:00Z"
lg_020,"Wonderful community feedback! So grateful ðŸ’™",1890,178,267,"2024-02-07T11:45:00Z"
lg_021,"Excited about upcoming features! Can't wait ðŸš€",2340,198,289,"2024-02-08T10:00:00Z"
lg_022,"Peaceful morning meditation ðŸ§˜ Finding balance",567,45,23,"2024-02-08T07:30:00Z"
lg_023,"Frustrated with delays. Need faster solutions",234,78,45,"2024-02-08T14:15:00Z"
lg_024,"Amazing workshop! So many insights gained #workshop",1890,234,312,"2024-02-09T09:00:00Z"
lg_025,"Coffee and code â˜• Perfect combination",456,34,18,"2024-02-09T08:45:00Z"
lg_026,"Outraged by poor service quality",189,89,56,"2024-02-09T13:30:00Z"
lg_027,"100K milestone reached! Incredible journey ðŸŽ‰",6780,567,890,"2024-02-10T12:00:00Z"
lg_028,"Big announcement coming soon! Stay tuned ðŸ”¥",2340,198,345,"2024-02-10T10:00:00Z"
lg_029,"Routine check: Everything functioning normally",345,21,8,"2024-02-10T16:00:00Z"
lg_030,"Adore this new design! Absolutely beautiful ðŸ’™",2340,234,378,"2024-02-11T09:30:00Z"
